<annotation>
	<folder>images</folder>
	<filename>videoplayback0487.jpg</filename>
	<path>/home/hyunchulkim/Github/MIDS_HW8/images/videoplayback0487.jpg</path>
	<source>
		<database>Unknown</database>
	</source>
	<size>
		<width>1000</width>
		<height>563</height>
		<depth>3</depth>
	</size>
	<segmented>0</segmented>
	<object>
		<name>person</name>
		<pose>Unspecified</pose>
		<truncated>0</truncated>
		<difficult>0</difficult>
		<bndbox>
			<xmin>555</xmin>
			<ymin>197</ymin>
			<xmax>784</xmax>
			<ymax>485</ymax>
		</bndbox>
	</object>
	<object>
		<name>person</name>
		<pose>Unspecified</pose>
		<truncated>0</truncated>
		<difficult>0</difficult>
		<bndbox>
			<xmin>225</xmin>
			<ymin>104</ymin>
			<xmax>541</xmax>
			<ymax>495</ymax>
		</bndbox>
	</object>
</annotation>
