<annotation>
	<folder>images</folder>
	<filename>videoplayback0445.jpg</filename>
	<path>/home/hyunchulkim/Github/MIDS_HW8/images/videoplayback0445.jpg</path>
	<source>
		<database>Unknown</database>
	</source>
	<size>
		<width>1000</width>
		<height>563</height>
		<depth>3</depth>
	</size>
	<segmented>0</segmented>
	<object>
		<name>person</name>
		<pose>Unspecified</pose>
		<truncated>0</truncated>
		<difficult>0</difficult>
		<bndbox>
			<xmin>276</xmin>
			<ymin>108</ymin>
			<xmax>557</xmax>
			<ymax>489</ymax>
		</bndbox>
	</object>
	<object>
		<name>person</name>
		<pose>Unspecified</pose>
		<truncated>0</truncated>
		<difficult>0</difficult>
		<bndbox>
			<xmin>589</xmin>
			<ymin>214</ymin>
			<xmax>805</xmax>
			<ymax>489</ymax>
		</bndbox>
	</object>
</annotation>
