<annotation>
	<folder>images</folder>
	<filename>videoplayback0457.jpg</filename>
	<path>/home/hyunchulkim/Github/MIDS_HW8/images/videoplayback0457.jpg</path>
	<source>
		<database>Unknown</database>
	</source>
	<size>
		<width>1000</width>
		<height>563</height>
		<depth>3</depth>
	</size>
	<segmented>0</segmented>
	<object>
		<name>person</name>
		<pose>Unspecified</pose>
		<truncated>0</truncated>
		<difficult>0</difficult>
		<bndbox>
			<xmin>589</xmin>
			<ymin>209</ymin>
			<xmax>785</xmax>
			<ymax>478</ymax>
		</bndbox>
	</object>
	<object>
		<name>person</name>
		<pose>Unspecified</pose>
		<truncated>0</truncated>
		<difficult>0</difficult>
		<bndbox>
			<xmin>283</xmin>
			<ymin>85</ymin>
			<xmax>510</xmax>
			<ymax>485</ymax>
		</bndbox>
	</object>
</annotation>
