<annotation>
	<folder>images</folder>
	<filename>videoplayback0469.jpg</filename>
	<path>/home/hyunchulkim/Github/MIDS_HW8/images/videoplayback0469.jpg</path>
	<source>
		<database>Unknown</database>
	</source>
	<size>
		<width>1000</width>
		<height>563</height>
		<depth>3</depth>
	</size>
	<segmented>0</segmented>
	<object>
		<name>person</name>
		<pose>Unspecified</pose>
		<truncated>0</truncated>
		<difficult>0</difficult>
		<bndbox>
			<xmin>529</xmin>
			<ymin>192</ymin>
			<xmax>764</xmax>
			<ymax>483</ymax>
		</bndbox>
	</object>
	<object>
		<name>person</name>
		<pose>Unspecified</pose>
		<truncated>0</truncated>
		<difficult>0</difficult>
		<bndbox>
			<xmin>255</xmin>
			<ymin>70</ymin>
			<xmax>499</xmax>
			<ymax>477</ymax>
		</bndbox>
	</object>
</annotation>
