<annotation>
	<folder>images</folder>
	<filename>videoplayback0511.jpg</filename>
	<path>/home/hyunchulkim/Github/MIDS_HW8/images/videoplayback0511.jpg</path>
	<source>
		<database>Unknown</database>
	</source>
	<size>
		<width>1000</width>
		<height>563</height>
		<depth>3</depth>
	</size>
	<segmented>0</segmented>
	<object>
		<name>person</name>
		<pose>Unspecified</pose>
		<truncated>0</truncated>
		<difficult>0</difficult>
		<bndbox>
			<xmin>596</xmin>
			<ymin>199</ymin>
			<xmax>767</xmax>
			<ymax>487</ymax>
		</bndbox>
	</object>
	<object>
		<name>person</name>
		<pose>Unspecified</pose>
		<truncated>0</truncated>
		<difficult>0</difficult>
		<bndbox>
			<xmin>285</xmin>
			<ymin>107</ymin>
			<xmax>572</xmax>
			<ymax>488</ymax>
		</bndbox>
	</object>
</annotation>
