<annotation>
	<folder>images</folder>
	<filename>videoplayback0541.jpg</filename>
	<path>/home/hyunchulkim/Github/MIDS_HW8/images/videoplayback0541.jpg</path>
	<source>
		<database>Unknown</database>
	</source>
	<size>
		<width>1000</width>
		<height>563</height>
		<depth>3</depth>
	</size>
	<segmented>0</segmented>
	<object>
		<name>person</name>
		<pose>Unspecified</pose>
		<truncated>0</truncated>
		<difficult>0</difficult>
		<bndbox>
			<xmin>539</xmin>
			<ymin>235</ymin>
			<xmax>707</xmax>
			<ymax>489</ymax>
		</bndbox>
	</object>
	<object>
		<name>person</name>
		<pose>Unspecified</pose>
		<truncated>0</truncated>
		<difficult>0</difficult>
		<bndbox>
			<xmin>300</xmin>
			<ymin>84</ymin>
			<xmax>540</xmax>
			<ymax>494</ymax>
		</bndbox>
	</object>
</annotation>
