<annotation>
	<folder>images</folder>
	<filename>videoplayback0463.jpg</filename>
	<path>/home/hyunchulkim/Github/MIDS_HW8/images/videoplayback0463.jpg</path>
	<source>
		<database>Unknown</database>
	</source>
	<size>
		<width>1000</width>
		<height>563</height>
		<depth>3</depth>
	</size>
	<segmented>0</segmented>
	<object>
		<name>person</name>
		<pose>Unspecified</pose>
		<truncated>0</truncated>
		<difficult>0</difficult>
		<bndbox>
			<xmin>299</xmin>
			<ymin>73</ymin>
			<xmax>541</xmax>
			<ymax>503</ymax>
		</bndbox>
	</object>
	<object>
		<name>person</name>
		<pose>Unspecified</pose>
		<truncated>0</truncated>
		<difficult>0</difficult>
		<bndbox>
			<xmin>612</xmin>
			<ymin>206</ymin>
			<xmax>782</xmax>
			<ymax>489</ymax>
		</bndbox>
	</object>
</annotation>
