<annotation>
	<folder>images</folder>
	<filename>videoplayback0090.jpg</filename>
	<path>/home/hyunchulkim/Github/MIDS_HW8/images/videoplayback0090.jpg</path>
	<source>
		<database>Unknown</database>
	</source>
	<size>
		<width>1000</width>
		<height>563</height>
		<depth>3</depth>
	</size>
	<segmented>0</segmented>
	<object>
		<name>person</name>
		<pose>Unspecified</pose>
		<truncated>0</truncated>
		<difficult>0</difficult>
		<bndbox>
			<xmin>723</xmin>
			<ymin>351</ymin>
			<xmax>797</xmax>
			<ymax>468</ymax>
		</bndbox>
	</object>
</annotation>
