<annotation>
	<folder>images</folder>
	<filename>videoplayback0724.jpg</filename>
	<path>/home/hyunchulkim/Github/MIDS_HW8/images/videoplayback0724.jpg</path>
	<source>
		<database>Unknown</database>
	</source>
	<size>
		<width>1000</width>
		<height>563</height>
		<depth>3</depth>
	</size>
	<segmented>0</segmented>
	<object>
		<name>person</name>
		<pose>Unspecified</pose>
		<truncated>0</truncated>
		<difficult>0</difficult>
		<bndbox>
			<xmin>711</xmin>
			<ymin>282</ymin>
			<xmax>922</xmax>
			<ymax>487</ymax>
		</bndbox>
	</object>
	<object>
		<name>person</name>
		<pose>Unspecified</pose>
		<truncated>0</truncated>
		<difficult>0</difficult>
		<bndbox>
			<xmin>242</xmin>
			<ymin>286</ymin>
			<xmax>372</xmax>
			<ymax>486</ymax>
		</bndbox>
	</object>
	<object>
		<name>millenium falcon</name>
		<pose>Unspecified</pose>
		<truncated>0</truncated>
		<difficult>0</difficult>
		<bndbox>
			<xmin>7</xmin>
			<ymin>215</ymin>
			<xmax>535</xmax>
			<ymax>367</ymax>
		</bndbox>
	</object>
</annotation>
