<annotation>
	<folder>images</folder>
	<filename>videoplayback0153.jpg</filename>
	<path>/home/hyunchulkim/Github/MIDS_HW8/images/videoplayback0153.jpg</path>
	<source>
		<database>Unknown</database>
	</source>
	<size>
		<width>1000</width>
		<height>563</height>
		<depth>3</depth>
	</size>
	<segmented>0</segmented>
	<object>
		<name>tie fighter</name>
		<pose>Unspecified</pose>
		<truncated>0</truncated>
		<difficult>0</difficult>
		<bndbox>
			<xmin>341</xmin>
			<ymin>323</ymin>
			<xmax>405</xmax>
			<ymax>377</ymax>
		</bndbox>
	</object>
</annotation>
