<annotation>
	<folder>images</folder>
	<filename>videoplayback0505.jpg</filename>
	<path>/home/hyunchulkim/Github/MIDS_HW8/images/videoplayback0505.jpg</path>
	<source>
		<database>Unknown</database>
	</source>
	<size>
		<width>1000</width>
		<height>563</height>
		<depth>3</depth>
	</size>
	<segmented>0</segmented>
	<object>
		<name>person</name>
		<pose>Unspecified</pose>
		<truncated>0</truncated>
		<difficult>0</difficult>
		<bndbox>
			<xmin>628</xmin>
			<ymin>203</ymin>
			<xmax>799</xmax>
			<ymax>491</ymax>
		</bndbox>
	</object>
	<object>
		<name>person</name>
		<pose>Unspecified</pose>
		<truncated>0</truncated>
		<difficult>0</difficult>
		<bndbox>
			<xmin>289</xmin>
			<ymin>73</ymin>
			<xmax>525</xmax>
			<ymax>486</ymax>
		</bndbox>
	</object>
</annotation>
