<annotation>
	<folder>images</folder>
	<filename>videoplayback0475.jpg</filename>
	<path>/home/hyunchulkim/Github/MIDS_HW8/images/videoplayback0475.jpg</path>
	<source>
		<database>Unknown</database>
	</source>
	<size>
		<width>1000</width>
		<height>563</height>
		<depth>3</depth>
	</size>
	<segmented>0</segmented>
	<object>
		<name>person</name>
		<pose>Unspecified</pose>
		<truncated>0</truncated>
		<difficult>0</difficult>
		<bndbox>
			<xmin>210</xmin>
			<ymin>77</ymin>
			<xmax>470</xmax>
			<ymax>488</ymax>
		</bndbox>
	</object>
	<object>
		<name>person</name>
		<pose>Unspecified</pose>
		<truncated>0</truncated>
		<difficult>0</difficult>
		<bndbox>
			<xmin>512</xmin>
			<ymin>201</ymin>
			<xmax>741</xmax>
			<ymax>489</ymax>
		</bndbox>
	</object>
</annotation>
