<annotation>
	<folder>images</folder>
	<filename>videoplayback0517.jpg</filename>
	<path>/home/hyunchulkim/Github/MIDS_HW8/images/videoplayback0517.jpg</path>
	<source>
		<database>Unknown</database>
	</source>
	<size>
		<width>1000</width>
		<height>563</height>
		<depth>3</depth>
	</size>
	<segmented>0</segmented>
	<object>
		<name>person</name>
		<pose>Unspecified</pose>
		<truncated>0</truncated>
		<difficult>0</difficult>
		<bndbox>
			<xmin>490</xmin>
			<ymin>192</ymin>
			<xmax>730</xmax>
			<ymax>487</ymax>
		</bndbox>
	</object>
	<object>
		<name>person</name>
		<pose>Unspecified</pose>
		<truncated>0</truncated>
		<difficult>0</difficult>
		<bndbox>
			<xmin>261</xmin>
			<ymin>136</ymin>
			<xmax>487</xmax>
			<ymax>494</ymax>
		</bndbox>
	</object>
</annotation>
