<annotation>
	<folder>images</folder>
	<filename>videoplayback0057.jpg</filename>
	<path>/home/hyunchulkim/Github/MIDS_HW8/images/videoplayback0057.jpg</path>
	<source>
		<database>Unknown</database>
	</source>
	<size>
		<width>1000</width>
		<height>563</height>
		<depth>3</depth>
	</size>
	<segmented>0</segmented>
	<object>
		<name>person</name>
		<pose>Unspecified</pose>
		<truncated>0</truncated>
		<difficult>0</difficult>
		<bndbox>
			<xmin>572</xmin>
			<ymin>232</ymin>
			<xmax>658</xmax>
			<ymax>429</ymax>
		</bndbox>
	</object>
</annotation>
