<annotation>
	<folder>images</folder>
	<filename>videoplayback0451.jpg</filename>
	<path>/home/hyunchulkim/Github/MIDS_HW8/images/videoplayback0451.jpg</path>
	<source>
		<database>Unknown</database>
	</source>
	<size>
		<width>1000</width>
		<height>563</height>
		<depth>3</depth>
	</size>
	<segmented>0</segmented>
	<object>
		<name>person</name>
		<pose>Unspecified</pose>
		<truncated>0</truncated>
		<difficult>0</difficult>
		<bndbox>
			<xmin>582</xmin>
			<ymin>215</ymin>
			<xmax>752</xmax>
			<ymax>483</ymax>
		</bndbox>
	</object>
	<object>
		<name>person</name>
		<pose>Unspecified</pose>
		<truncated>0</truncated>
		<difficult>0</difficult>
		<bndbox>
			<xmin>263</xmin>
			<ymin>76</ymin>
			<xmax>494</xmax>
			<ymax>491</ymax>
		</bndbox>
	</object>
</annotation>
