<annotation>
	<folder>images</folder>
	<filename>videoplayback0736.jpg</filename>
	<path>/home/hyunchulkim/Github/MIDS_HW8/images/videoplayback0736.jpg</path>
	<source>
		<database>Unknown</database>
	</source>
	<size>
		<width>1000</width>
		<height>563</height>
		<depth>3</depth>
	</size>
	<segmented>0</segmented>
	<object>
		<name>millenium falcon</name>
		<pose>Unspecified</pose>
		<truncated>0</truncated>
		<difficult>0</difficult>
		<bndbox>
			<xmin>114</xmin>
			<ymin>218</ymin>
			<xmax>608</xmax>
			<ymax>354</ymax>
		</bndbox>
	</object>
	<object>
		<name>person</name>
		<pose>Unspecified</pose>
		<truncated>0</truncated>
		<difficult>0</difficult>
		<bndbox>
			<xmin>299</xmin>
			<ymin>285</ymin>
			<xmax>414</xmax>
			<ymax>488</ymax>
		</bndbox>
	</object>
	<object>
		<name>person</name>
		<pose>Unspecified</pose>
		<truncated>0</truncated>
		<difficult>0</difficult>
		<bndbox>
			<xmin>695</xmin>
			<ymin>294</ymin>
			<xmax>869</xmax>
			<ymax>476</ymax>
		</bndbox>
	</object>
</annotation>
