<annotation>
	<folder>images</folder>
	<filename>videoplayback0481.jpg</filename>
	<path>/home/hyunchulkim/Github/MIDS_HW8/images/videoplayback0481.jpg</path>
	<source>
		<database>Unknown</database>
	</source>
	<size>
		<width>1000</width>
		<height>563</height>
		<depth>3</depth>
	</size>
	<segmented>0</segmented>
	<object>
		<name>person</name>
		<pose>Unspecified</pose>
		<truncated>0</truncated>
		<difficult>0</difficult>
		<bndbox>
			<xmin>510</xmin>
			<ymin>199</ymin>
			<xmax>739</xmax>
			<ymax>487</ymax>
		</bndbox>
	</object>
	<object>
		<name>person</name>
		<pose>Unspecified</pose>
		<truncated>0</truncated>
		<difficult>0</difficult>
		<bndbox>
			<xmin>189</xmin>
			<ymin>95</ymin>
			<xmax>467</xmax>
			<ymax>474</ymax>
		</bndbox>
	</object>
</annotation>
