<annotation>
	<folder>images</folder>
	<filename>videoplayback0523.jpg</filename>
	<path>/home/hyunchulkim/Github/MIDS_HW8/images/videoplayback0523.jpg</path>
	<source>
		<database>Unknown</database>
	</source>
	<size>
		<width>1000</width>
		<height>563</height>
		<depth>3</depth>
	</size>
	<segmented>0</segmented>
	<object>
		<name>person</name>
		<pose>Unspecified</pose>
		<truncated>0</truncated>
		<difficult>0</difficult>
		<bndbox>
			<xmin>537</xmin>
			<ymin>187</ymin>
			<xmax>777</xmax>
			<ymax>482</ymax>
		</bndbox>
	</object>
	<object>
		<name>person</name>
		<pose>Unspecified</pose>
		<truncated>0</truncated>
		<difficult>0</difficult>
		<bndbox>
			<xmin>262</xmin>
			<ymin>110</ymin>
			<xmax>529</xmax>
			<ymax>489</ymax>
		</bndbox>
	</object>
</annotation>
