<annotation>
	<folder>images</folder>
	<filename>videoplayback0493.jpg</filename>
	<path>/home/hyunchulkim/Github/MIDS_HW8/images/videoplayback0493.jpg</path>
	<source>
		<database>Unknown</database>
	</source>
	<size>
		<width>1000</width>
		<height>563</height>
		<depth>3</depth>
	</size>
	<segmented>0</segmented>
	<object>
		<name>person</name>
		<pose>Unspecified</pose>
		<truncated>0</truncated>
		<difficult>0</difficult>
		<bndbox>
			<xmin>610</xmin>
			<ymin>200</ymin>
			<xmax>839</xmax>
			<ymax>488</ymax>
		</bndbox>
	</object>
	<object>
		<name>person</name>
		<pose>Unspecified</pose>
		<truncated>0</truncated>
		<difficult>0</difficult>
		<bndbox>
			<xmin>229</xmin>
			<ymin>67</ymin>
			<xmax>507</xmax>
			<ymax>486</ymax>
		</bndbox>
	</object>
</annotation>
