<annotation>
	<folder>images</folder>
	<filename>videoplayback0547.jpg</filename>
	<path>/home/hyunchulkim/Github/MIDS_HW8/images/videoplayback0547.jpg</path>
	<source>
		<database>Unknown</database>
	</source>
	<size>
		<width>1000</width>
		<height>563</height>
		<depth>3</depth>
	</size>
	<segmented>0</segmented>
	<object>
		<name>person</name>
		<pose>Unspecified</pose>
		<truncated>0</truncated>
		<difficult>0</difficult>
		<bndbox>
			<xmin>500</xmin>
			<ymin>221</ymin>
			<xmax>668</xmax>
			<ymax>475</ymax>
		</bndbox>
	</object>
	<object>
		<name>person</name>
		<pose>Unspecified</pose>
		<truncated>0</truncated>
		<difficult>0</difficult>
		<bndbox>
			<xmin>284</xmin>
			<ymin>78</ymin>
			<xmax>491</xmax>
			<ymax>489</ymax>
		</bndbox>
	</object>
</annotation>
